{"cameraMode":{"drawMode":0,"name":"Shaded","section":"Shading Mode"},"sceneLighting":false,"audioPlay":false,"sceneViewState":{"showFog":true,"showMaterialUpdate":false,"showSkybox":true,"showFlares":true,"showImageEffects":true,"showParticleSystems":true},"in2DMode":false,"pivot":{"x":0.019458018243312837,"y":-0.032549016177654269,"z":0.13103517889976502},"rotation":{"x":-0.07004017382860184,"y":0.7330166697502136,"z":-0.07636874914169312,"w":-0.6722713708877564},"size":2.8578836917877199,"orthographic":false}