{"cameraMode":{"drawMode":0,"name":"Shaded","section":"Shading Mode"},"sceneLighting":false,"audioPlay":false,"sceneViewState":{"showFog":true,"showMaterialUpdate":false,"showSkybox":true,"showFlares":true,"showImageEffects":true,"showParticleSystems":true},"in2DMode":false,"pivot":{"x":59.46867370605469,"y":94.53504943847656,"z":-0.6029729843139648},"rotation":{"x":-0.004766672383993864,"y":0.9942881464958191,"z":0.09392989426851273,"w":0.05045460909605026},"size":14.289420127868653,"orthographic":false}